question,category
"¿Cómo realizar un retiro de fondos desde mi cuenta en criptomonedas?","Retiros Crypto"
"¿Cuánto tiempo tarda en procesarse un retiro de criptomonedas?","Retiros Crypto"
"¿Puedo hacer un retiro de criptomonedas a una wallet externa?","Retiros Crypto"
"¿Qué comisiones se aplican al retirar fondos en criptomonedas?","Retiros Crypto"
"¿Cómo puedo verificar el estado de mi retiro de criptomonedas?","Retiros Crypto"
"¿Existen límites en los retiros de criptomonedas?","Retiros Crypto"
"¿Puedo cancelar un retiro de criptomonedas?","Retiros Crypto"
"¿Qué debo hacer si mi retiro de criptomonedas no se ha procesado correctamente?","Retiros Crypto"
"¿Cómo aseguro mis criptomonedas antes de realizar un retiro?","Retiros Crypto"
"¿Puedo retirar fondos de criptomonedas directamente a mi cuenta bancaria?","Retiros Crypto"
"¿Cómo puedo solucionar un error en el monto retirado de mi cuenta en criptomonedas?","Retiros Crypto"
"¿Cómo puedo revisar el historial de mis retiros en criptomonedas?","Retiros Crypto"
"¿Qué pasa si no puedo acceder a la wallet a la que quiero retirar criptomonedas?","Retiros Crypto"
"¿Puedo hacer un retiro de criptomonedas de manera inmediata?","Retiros Crypto"
"¿Qué sucede si el retiro de criptomonedas se retrasa más de lo esperado?","Retiros Crypto"
"¿Cómo puedo solicitar un retiro de criptomonedas en otra moneda?","Retiros Crypto"
"¿Puedo transferir mis criptomonedas a una billetera de otro exchange?","Retiros Crypto"
"¿Es seguro retirar criptomonedas en una red descentralizada?","Retiros Crypto"
"¿Qué sucede si me equivoco en la dirección de retiro de criptomonedas?","Retiros Crypto"
"¿Puedo retirar fondos en criptomonedas a una billetera fría?","Retiros Crypto"
"¿Cuál es el proceso para realizar un retiro de criptomonedas en mi cuenta?","Retiros Crypto"
"¿Cómo realizar un retiro de fondos si hay un error en la transacción?","Desconocimiento de Transacciones"
"¿Qué hacer si no reconozco una transacción en mi cuenta?","Desconocimiento de Transacciones"
"¿Cómo puedo disputar una transacción que no reconozco?","Desconocimiento de Transacciones"
"¿Qué hacer si un retiro no refleja la cantidad correcta?","Desconocimiento de Transacciones"
"¿Cómo solicitar una revisión de una transacción no reconocida?","Desconocimiento de Transacciones"
"¿Qué pasos seguir si me cobran una comisión incorrecta por una transacción?","Desconocimiento de Transacciones"
"¿Cómo puedo obtener una prueba de una transacción realizada?","Desconocimiento de Transacciones"
"¿Puedo revertir una transacción si cometí un error?","Desconocimiento de Transacciones"
"¿Cómo puedo rastrear una transacción que no ha sido confirmada?","Desconocimiento de Transacciones"
"¿Por qué mi retiro no ha sido procesado?","Desconocimiento de Transacciones"
"¿Cómo puedo cancelar una transacción si la he iniciado pero no se ha completado?","Desconocimiento de Transacciones"
"¿Cómo saber si una transacción se ha completado correctamente?","Desconocimiento de Transacciones"
"¿Puedo obtener un reembolso si mi retiro no se realiza correctamente?","Desconocimiento de Transacciones"
"¿Puedo recibir un reembolso si una transacción fue rechazada?","Desconocimiento de Transacciones"
"¿Qué hacer si mi saldo es incorrecto después de un retiro?","Desconocimiento de Transacciones"
"¿Cuánto tiempo tengo para hacer un reclamo por una transacción fallida?","Desconocimiento de Transacciones"
"¿Es posible realizar un retiro en monedas fiduciarias como el dólar o el euro?","Retiros Fiat"
"¿Qué pasos debo seguir para retirar fondos en moneda fiat?","Retiros Fiat"
"¿Cuáles son las comisiones para retirar fondos en fiat?","Retiros Fiat"
"¿Puedo retirar fondos en fiat a mi cuenta bancaria?","Retiros Fiat"
"¿Cuánto tiempo tarda en procesarse un retiro de fiat?","Retiros Fiat"
"¿Cuáles son los límites para retirar en moneda fiat?","Retiros Fiat"
"¿Puedo retirar en moneda fiat desde mi cuenta de criptomonedas?","Retiros Fiat"
"¿Cómo puedo verificar si mi retiro en fiat ha sido completado?","Retiros Fiat"
"¿Puedo recibir pagos en fiat de otros usuarios en mi cuenta?","Retiros Fiat"
"¿Qué ocurre si el retiro en fiat se retrasa más de lo esperado?","Retiros Fiat"
"¿Cómo puedo cancelar un retiro de fiat?","Retiros Fiat"
"¿Qué requisitos debo cumplir para realizar un retiro en fiat?","Retiros Fiat"
"¿Puedo realizar un retiro de fiat a mi tarjeta de crédito?","Retiros Fiat"
"¿Es posible retirar fondos en fiat en cualquier país?","Retiros Fiat"
"¿Puedo realizar un retiro de fiat a una cuenta bancaria internacional?","Retiros Fiat"
"¿Puedo realizar un retiro de fiat si no tengo una cuenta bancaria vinculada?","Retiros Fiat"
"¿Qué hago si no reconozco una transacción en mi tarjeta de crédito?","Denuncia de Tarjeta Perdida"
"¿Cómo puedo bloquear mi tarjeta perdida o robada?","Denuncia de Tarjeta Perdida"
"¿Puedo solicitar una tarjeta nueva si la perdí?","Denuncia de Tarjeta Perdida"
"¿Qué hacer si alguien realiza compras con mi tarjeta perdida?","Denuncia de Tarjeta Perdida"
"¿Cómo reporto una tarjeta perdida a la entidad emisora?","Denuncia de Tarjeta Perdida"
"¿Cuánto tiempo tarda en emitirse una nueva tarjeta si la pierdo?","Denuncia de Tarjeta Perdida"
"¿Qué debo hacer si mi tarjeta es robada y ya no la tengo?","Denuncia de Tarjeta Perdida"
"¿Cómo aseguro que mi tarjeta no sea usada si la he perdido?","Denuncia de Tarjeta Perdida"
"¿Puedo bloquear mi tarjeta a través de la aplicación móvil?","Denuncia de Tarjeta Perdida"
"¿Cómo sé si mi tarjeta perdida ya ha sido utilizada para compras?","Denuncia de Tarjeta Perdida"
"¿Cómo puedo verificar el estado de mi tarjeta bloqueada?","Denuncia de Tarjeta Perdida"
"¿Puedo hacer una denuncia por robo de tarjeta en línea?","Denuncia de Tarjeta Perdida"
"¿Cuánto tiempo se tarda en procesar una solicitud de bloqueo de tarjeta perdida?","Denuncia de Tarjeta Perdida"
"¿Cómo puedo prevenir que mi tarjeta sea utilizada después de perderla?","Denuncia de Tarjeta Perdida"
"¿Qué hacer si alguien realiza un retiro con mi tarjeta perdida?","Denuncia de Tarjeta Perdida"
"¿Lemon Earn es seguro para invertir en criptomonedas?","Lemon Earn"
"¿Puedo agregar fondos adicionales a Lemon Earn?","Lemon Earn"
"¿Cómo me registro en Lemon Earn?","Lemon Earn"
"¿Lemon Earn ofrece rendimientos estables en el tiempo?","Lemon Earn"
"¿Qué hace Lemon Earn para garantizar mis inversiones?","Lemon Earn"
"¿Puedo usar Lemon Earn si no tengo experiencia en criptomonedas?","Lemon Earn"
"¿Cuáles son los beneficios de usar Lemon Earn para ganar intereses?","Lemon Earn"
"¿Puedo realizar un retiro inmediato desde Lemon Earn?","Lemon Earn"
"¿Cuánto puedo ganar con Lemon Earn por un depósito a largo plazo?","Lemon Earn"
"¿Lemon Earn ofrece opciones de inversión a corto plazo?","Lemon Earn"
"¿Cómo puedo obtener soporte si tengo problemas con Lemon Earn?","Lemon Earn"
"¿Qué ocurre si retiro fondos antes de que termine el período de inversión?","Lemon Earn"
"¿Puedo ver los intereses generados en tiempo real?","Lemon Earn"
"¿Cómo obtengo reportes sobre mis inversiones en Lemon Earn?","Lemon Earn"
"¿Qué tan confiable es la plataforma Lemon Earn?","Lemon Earn"
"¿Qué requisitos debo cumplir para utilizar Lemon Earn?","Lemon Earn"
"¿Puedo usar Lemon Earn para ahorrar en lugar de invertir?","Lemon Earn"
"¿Cuáles son los riesgos de utilizar Lemon Earn?","Lemon Earn"
"¿Lemon Earn ofrece opciones para retirar en pesos?","Lemon Earn"
"¿Puedo transferir fondos a mi cuenta bancaria desde Lemon Earn?","Lemon Earn"
"¿Cómo configurar mi perfil en Lemon Earn?","Lemon Earn"
"¿Lemon Earn permite realizar inversiones en otras plataformas?","Lemon Earn"
"¿Puedo transferir ganancias de Lemon Earn a mi cuenta bancaria?","Lemon Earn"
"¿Cómo puedo empezar a ganar intereses con Lemon Earn?","Lemon Earn"
"¿Puedo modificar mis opciones de inversión en Lemon Earn?","Lemon Earn"
"¿Puedo recibir notificaciones sobre mis fondos en Lemon Earn?","Lemon Earn"
"¿Cómo funciona el sistema de recompensas de Lemon Earn?","Lemon Earn"
"¿Puedo ganar intereses por depósitos en criptomonedas con Lemon Earn?","Lemon Earn"
"¿Puedo cancelar mi cuenta de Lemon Earn en cualquier momento?","Lemon Earn"
"¿Puedo retirar fondos de Lemon Earn a una billetera de criptomonedas?","Lemon Earn"
"¿Cómo me contacto con el soporte de Lemon Earn?","Lemon Earn"
"¿Lemon Earn está disponible en mi país?","Lemon Earn"
"¿Por qué mis intereses de Lemon Earn no están disponibles aún?","Lemon Earn"
"¿Cuál es el monto mínimo para comenzar a usar Lemon Earn?","Lemon Earn"
"¿Qué debo hacer si mi cuenta de Lemon Earn está bloqueada?","Lemon Earn"
"¿Puedo usar Lemon Earn desde mi teléfono móvil?","Lemon Earn"
"¿Puedo realizar un depósito en criptomonedas en Lemon Earn?","Lemon Earn"
"¿Hay otros productos similares a Lemon Earn en el mercado?","Lemon Earn"
"¿Cómo puedo dejar de recibir notificaciones de Lemon Earn?","Lemon Earn"
"¿Puedo ganar intereses sin arriesgar mi inversión en Lemon Earn?","Lemon Earn"
"Otro","Otro"
"¿Puedo acceder al soporte de atención al cliente por teléfono?","Otro"
"¿Cómo actualizo mi dirección de correo electrónico en la plataforma?","Otro"
"¿Dónde puedo consultar los términos y condiciones del servicio?","Otro"
"¿Cómo me contacto con la empresa para resolver un problema no relacionado con las categorías anteriores?","Otro"
"¿Qué hacer si tengo problemas con la verificación de mi cuenta?","Otro"
"¿Puedo recibir notificaciones sobre cambios en la plataforma?","Otro"
"¿Dónde puedo encontrar información adicional sobre mi cuenta?","Otro"
"¿Cómo resuelvo problemas con pagos que no están reflejados en mi cuenta?","Otro"